sexo,altura,edad,tabaco,ubes,carneRoja,verduras,deporte,drogas,dietaEsp,nivEstPad,nivEstudios,nivIngresos,IMC,peso
V,1.8,37,0,0,0,1,6,0,N,1,2,3,30.715,99.517
M,1.68,45,160,10,0,0,4,0,N,0,2,1,15.388,43.431
M,1.64,18,0,0,0,22,8,0,S,1,2,0,17.985,48.372
V,1.85,21,0,0,2,6,7,1,N,0,1,1,26.43,90.457
V,1.68,33,40,0,2,7,5,5,N,1,1,1,25.911,73.131
M,1.66,18,0,3,1,6,2,0,N,2,3,3,23.727,65.382
V,1.73,64,20,0,5,0,0,0,N,1,2,2,36.732,109.935
M,1.67,35,0,12,1,0,4,4,N,1,3,2,28.876,80.532
M,1.64,66,0,6,4,6,0,0,N,1,2,1,35.846,96.411
V,1.75,42,0,6,0,0,6,2,N,3,4,2,29.859,91.443
M,1.68,42,0,0,6,9,2,0,N,4,4,2,28.183,79.544
V,1.82,53,20,0,0,0,0,0,N,2,4,4,32.037,106.119
V,1.71,20,100,8,0,12,5,0,N,1,1,1,12.42,36.317
V,1.71,47,50,12,7,3,2,0,S,2,3,3,25.483,74.515
M,1.6,32,0,0,0,8,7,0,N,2,3,2,25.879,66.25
M,1.65,44,20,6,5,0,0,0,N,1,3,4,30.164,82.121
M,1.58,33,0,0,0,20,7,0,N,1,2,2,22.419,55.967
V,1.79,62,0,12,2,20,9,0,N,2,3,4,26.115,83.675
M,1.66,18,0,0,2,7,0,3,N,1,3,4,24.839,68.446
V,1.83,32,0,13,3,4,5,0,N,1,2,3,26.549,88.91
V,1.72,54,0,0,4,0,0,0,N,2,2,3,36.34,107.508
V,1.73,51,20,12,0,5,6,0,N,1,3,2,27.54,82.424
V,1.75,41,0,19,0,5,9,0,N,2,4,4,24.621,75.402
M,1.66,35,50,8,1,9,7,0,N,1,1,0,21.874,60.276
M,1.75,18,0,4,4,10,0,6,N,2,3,4,23.736,72.692
V,1.88,44,0,0,0,11,5,0,N,1,3,3,27.879,98.536
V,1.83,27,0,0,3,12,19,0,N,2,3,3,21.459,71.864
M,1.69,28,0,0,2,0,3,0,N,2,2,4,29.618,84.592
V,1.8,24,0,3,1,25,8,0,N,2,3,2,16.96,54.95
M,1.67,18,0,0,0,9,0,2,N,3,3,2,23.744,66.22
V,1.69,42,0,4,0,13,14,0,N,1,4,3,23.594,67.387
V,1.82,37,0,4,8,16,14,0,N,1,1,0,24.805,82.164
V,1.79,55,0,6,0,11,3,0,N,1,2,4,30.598,98.039
V,1.8,38,30,3,1,13,10,0,N,2,3,3,21.425,69.417
V,1.78,46,0,11,5,0,5,0,N,1,3,2,30.982,98.163
V,1.71,27,0,0,0,0,11,0,N,0,1,4,29.12,85.15
M,1.69,45,50,0,3,4,11,1,N,1,1,2,27.173,77.609
M,1.68,37,0,0,0,16,15,0,N,0,0,0,25.425,71.76
M,1.71,31,10,4,0,2,4,1,N,2,2,2,27.748,81.138
V,1.76,43,0,0,0,10,11,0,N,2,2,2,27.898,86.417
V,1.75,36,0,0,4,0,5,0,N,1,3,2,30.461,93.287
V,1.7,59,0,0,2,14,7,0,S,1,1,1,32.108,92.792
M,1.68,28,0,19,3,5,0,0,N,1,2,1,25.014,70.6
M,1.65,28,0,15,6,0,0,0,N,1,3,2,26.963,73.407
V,1.72,45,0,2,4,0,0,0,N,0,1,3,35.07,103.751
V,1.86,56,0,4,1,3,0,1,N,1,2,3,34.959,120.944
V,1.8,39,0,0,0,0,0,0,N,2,3,2,31.687,102.666
M,1.7,34,50,10,2,0,4,4,N,1,2,0,24.852,71.822
M,1.71,60,40,8,2,0,0,3,N,2,2,3,32.755,95.779
V,1.84,89,50,0,0,18,11,0,S,2,4,2,28.828,97.6
M,1.74,40,200,11,2,9,9,0,N,1,2,3,5.922,17.929
M,1.67,53,0,15,0,15,11,0,N,0,2,2,25.765,71.856
M,1.58,23,0,16,0,6,0,0,N,1,2,1,23.763,59.322
M,1.53,44,0,17,3,1,1,0,N,0,3,4,29.608,69.309
M,1.71,52,60,0,3,1,0,0,S,2,4,4,27.595,80.691
M,1.67,21,0,0,0,0,0,0,N,0,0,0,30.176,84.158
M,1.6,18,0,10,0,0,5,0,N,1,2,2,25.084,64.215
M,1.63,19,60,8,4,0,0,0,N,1,2,2,20.697,54.99
M,1.62,43,0,3,4,2,0,0,N,0,0,0,34.345,90.135
V,1.78,54,90,0,4,15,3,0,N,2,0,2,22.923,72.629
V,1.75,56,40,0,2,0,0,0,N,3,4,4,30.861,94.512
M,1.61,34,0,9,2,5,0,0,N,1,1,1,29.25,75.819
M,1.62,20,0,9,0,17,8,0,N,2,3,3,17.948,47.103
V,1.81,42,30,11,0,20,7,4,N,1,0,1,22.223,72.805
M,1.7,21,0,2,0,16,9,0,N,0,2,2,20.453,59.109
M,1.65,52,0,0,4,7,7,0,N,0,1,0,33.264,90.561
V,1.77,49,0,1,0,0,0,3,N,1,1,0,36.467,114.247
M,1.58,56,0,15,3,17,0,0,N,3,3,2,26.865,67.066
M,1.63,32,0,9,0,0,5,0,N,2,4,4,26.779,71.149
M,1.61,72,0,8,0,0,6,0,N,3,4,3,36.157,93.723
M,1.77,32,10,8,0,4,2,2,N,2,2,1,27.054,84.757
M,1.59,53,90,11,6,1,0,0,N,1,1,1,26.058,65.877
M,1.7,50,60,0,0,0,2,0,N,1,3,2,27.87,80.544
M,1.72,20,0,0,3,6,3,1,N,1,2,3,25.736,76.137
M,1.68,54,0,10,5,0,7,0,S,0,0,0,35.408,99.936
V,1.74,22,0,3,6,0,1,0,N,0,0,0,30.166,91.331
M,1.68,43,0,7,0,17,12,0,N,3,4,4,22.122,62.437
M,1.72,21,80,21,2,1,0,0,N,0,0,0,18.236,53.949
M,1.62,28,0,0,4,6,8,0,N,3,4,3,24.92,65.4
M,1.66,43,20,12,0,2,0,0,N,1,2,3,28.629,78.89
V,1.83,35,20,1,3,12,8,0,S,0,1,1,24.959,83.585
M,1.64,93,0,0,0,14,0,0,N,0,2,3,39.883,107.269
V,1.84,43,10,3,0,10,8,0,S,1,2,3,26.858,90.93
M,1.7,28,30,0,0,14,9,0,N,1,3,3,19.31,55.806
V,1.82,30,0,14,0,0,3,0,N,2,3,4,26.682,88.381
V,1.65,48,0,0,3,7,10,0,N,2,4,4,28.828,78.484
M,1.61,40,0,9,0,8,5,0,N,0,2,1,27.38,70.972
V,1.8,33,0,0,4,3,4,0,N,2,2,3,29.635,96.017
V,1.84,34,0,3,0,13,0,1,N,2,4,3,24.361,82.477
M,1.63,34,0,0,3,0,11,0,N,1,1,0,30.977,82.303
M,1.67,32,0,10,1,5,1,0,N,0,1,0,28.375,79.135
M,1.61,39,0,26,4,22,14,0,N,1,1,0,18.925,49.055
V,1.79,24,130,12,0,15,6,1,N,2,0,0,9.2,29.478
V,1.72,38,0,4,0,6,3,0,N,1,0,0,30.709,90.85
M,1.6,18,60,1,0,9,3,0,N,2,4,3,15.724,40.253
V,1.72,45,140,9,3,0,3,0,N,3,4,3,16.206,47.944
V,1.75,28,80,2,1,0,5,0,N,0,0,0,22.639,69.332
V,1.71,39,0,0,3,0,6,0,N,3,3,4,30.929,90.439
V,1.74,26,0,3,5,17,0,0,N,3,3,1,22.049,66.756
V,1.8,18,0,0,3,0,4,1,N,0,0,1,29.233,94.715
M,1.7,18,0,0,2,0,2,0,N,0,0,0,29.293,84.657
V,1.78,40,280,7,0,0,0,0,S,0,2,1,3.246,10.285
M,1.63,53,0,2,0,0,0,0,N,2,4,2,33.715,89.577
V,1.76,38,0,5,1,24,15,0,N,1,3,4,19.135,59.273
M,1.72,37,0,0,0,0,0,0,N,2,3,2,31.219,92.358
M,1.62,18,0,9,2,3,0,0,N,1,2,2,25.078,65.815
V,1.72,54,0,16,0,6,2,1,N,0,1,1,32.074,94.888
M,1.58,29,220,18,5,1,0,5,N,1,2,1,5.79,14.454
M,1.59,18,0,2,0,13,3,0,N,2,2,4,21.863,55.272
M,1.62,40,0,0,5,0,0,0,N,1,1,1,34.315,90.056
M,1.68,50,0,0,3,0,0,1,N,1,1,1,36.705,103.596
M,1.6,91,0,0,0,0,0,0,N,0,2,2,44.717,114.476
V,1.72,32,0,0,0,0,0,0,N,1,2,1,30.898,91.409
V,1.72,63,0,0,5,0,0,0,N,1,1,1,39.703,117.457
M,1.6,36,0,0,7,5,2,0,N,0,1,1,31.304,80.138
M,1.69,34,0,0,0,16,7,0,N,2,1,1,25.35,72.402
V,1.7,25,0,8,3,2,0,0,N,0,1,0,28.523,82.431
M,1.69,48,70,0,1,6,6,9,N,1,2,3,26.121,74.604
V,1.79,37,0,0,0,0,1,0,N,1,2,1,31.906,102.23
V,1.76,44,190,13,3,15,0,0,N,2,3,4,5.939,18.397
M,1.63,39,0,13,4,0,8,0,N,2,3,1,28.438,75.557
V,1.68,25,0,0,0,7,0,0,N,2,2,2,26.607,75.096
V,1.78,42,0,0,4,10,1,0,N,1,2,0,29.579,93.718
M,1.63,18,0,0,0,8,3,0,N,0,3,2,23.25,61.773
M,1.64,27,20,0,0,0,5,0,N,1,1,1,28.073,75.505
V,1.81,18,0,16,0,7,0,0,S,0,1,1,23.395,76.644
V,1.75,65,0,0,0,0,0,5,N,2,2,2,39.589,121.241
V,1.85,19,0,0,1,13,5,0,N,0,1,1,23.37,79.984
V,1.74,38,0,10,1,1,2,2,S,0,1,0,31.517,95.421
M,1.69,31,0,0,0,19,8,0,N,1,4,4,20.409,58.29
M,1.63,54,0,0,3,11,9,0,N,3,3,4,29.788,79.144
V,1.79,71,0,11,1,9,4,0,N,2,3,2,33.302,106.703
V,1.7,35,0,9,5,12,8,0,N,2,3,2,23.717,68.542
M,1.66,29,0,0,0,18,13,2,N,0,2,3,21.648,59.653
V,1.74,18,10,7,6,7,0,1,N,1,2,2,23.377,70.776
M,1.7,38,0,5,0,0,7,0,N,0,0,0,32.159,92.94
M,1.73,33,0,5,2,1,4,3,N,1,2,3,29.964,89.679
M,1.68,45,0,0,2,10,0,0,N,0,3,3,29.45,83.12
V,1.68,67,0,0,5,13,7,0,N,1,1,1,34.577,97.59
V,1.76,65,20,5,0,11,2,0,N,1,1,2,32.434,100.468
M,1.75,29,0,2,4,6,7,0,N,0,0,2,28.584,87.538
M,1.67,63,40,2,0,0,0,1,N,0,1,3,35.143,98.01
V,1.76,40,0,0,3,8,1,0,N,0,1,1,30.978,95.957
V,1.83,23,140,1,2,2,5,0,N,2,3,3,12.181,40.793
M,1.71,18,0,0,0,20,9,0,N,1,1,0,19.762,57.786
M,1.57,27,0,11,0,0,0,0,N,3,4,4,26.076,64.275
V,1.76,74,0,2,3,0,7,0,N,1,1,2,40.652,125.924
M,1.65,54,80,3,6,5,0,0,N,2,2,3,25.983,70.739
V,1.7,31,0,0,0,4,3,0,N,2,2,2,28.661,82.83
M,1.62,35,0,12,0,16,5,0,N,0,0,0,24.517,64.342
V,1.78,34,70,0,0,26,14,0,N,2,3,2,11.312,35.841
V,1.78,44,30,0,7,0,0,0,N,2,4,4,29.424,93.227
V,1.68,43,0,0,2,0,0,0,N,1,4,4,31.862,89.927
V,1.73,60,0,11,0,3,3,0,N,1,2,3,33.939,101.576
V,1.74,34,0,18,0,14,8,0,N,1,2,0,21.665,65.593
V,1.69,21,0,8,1,0,0,0,N,3,3,3,26.166,74.733
M,1.6,18,0,0,7,0,0,0,N,2,3,2,27.275,69.824
V,1.71,40,0,1,2,3,1,0,N,1,3,2,30.595,89.463
V,1.76,35,60,0,1,20,12,2,N,1,3,2,15.612,48.36
M,1.64,41,0,0,0,0,0,0,N,2,3,3,32.156,86.487
V,1.71,43,0,1,3,0,0,0,N,2,2,3,33.519,98.013
V,1.7,47,0,3,0,0,0,0,N,1,2,2,33.895,97.957
V,1.76,39,10,16,0,5,0,0,N,2,2,1,26.878,83.257
V,1.79,43,0,6,0,16,15,0,N,1,2,2,23.942,76.713
V,1.69,34,0,0,8,0,6,0,N,1,2,2,30.969,88.451
M,1.68,32,0,0,1,1,2,0,N,1,3,4,29.416,83.024
M,1.71,37,60,0,2,4,0,0,N,1,2,3,24.63,72.021
M,1.66,44,70,0,2,10,8,1,N,1,2,3,21.877,60.284
V,1.73,25,0,0,2,9,2,0,N,1,1,0,26.851,80.362
M,1.65,48,0,3,3,8,6,0,N,0,1,0,31.523,85.821
M,1.68,47,0,26,0,11,6,0,N,2,3,2,23.944,67.58
V,1.67,45,20,0,0,5,0,0,N,1,3,2,29.176,81.369
V,1.73,20,0,18,2,20,11,3,N,2,1,2,17.529,52.463
M,1.71,47,0,0,1,0,3,0,N,1,3,3,33.146,96.922
V,1.82,37,0,0,3,10,2,0,N,2,2,3,28.173,93.32
M,1.61,18,40,6,0,5,2,0,N,0,0,0,22.176,57.482
V,1.74,41,0,0,3,0,0,0,N,2,2,3,33.223,100.586
V,1.79,70,0,18,0,1,1,1,N,0,0,0,38.206,122.416
M,1.63,25,0,0,0,0,0,0,N,2,3,4,28.408,75.477
V,1.79,23,0,0,0,13,6,0,N,1,1,3,24.072,77.129
V,1.87,58,0,17,0,8,0,0,N,1,0,0,32.887,115.003
M,1.55,36,0,4,5,13,3,0,N,0,0,0,27.951,67.152
M,1.67,30,0,1,0,0,2,0,N,2,2,3,29.932,83.477
M,1.61,44,0,2,2,0,2,0,N,2,3,4,32.334,83.813
V,1.71,33,0,7,2,0,1,0,N,0,0,0,31.764,92.881
V,1.78,44,0,20,0,7,11,0,N,0,0,0,27.681,87.704
M,1.64,64,0,0,0,0,7,2,N,1,2,2,37.64,101.237
M,1.64,44,30,0,0,9,8,0,N,1,4,3,24.207,65.107
V,1.76,46,0,0,1,0,2,0,N,1,2,1,33.924,105.083
M,1.65,21,20,0,1,0,4,0,N,0,0,0,27.575,75.073
V,1.8,31,0,12,0,0,4,0,N,1,2,4,27.948,90.552
V,1.71,18,0,5,0,17,6,0,N,0,2,2,19.343,56.561
M,1.66,53,0,0,0,0,1,0,N,3,4,4,33.897,93.407
V,1.78,44,0,0,0,0,0,0,N,2,3,4,32.858,104.107
M,1.65,65,0,0,0,14,8,0,N,1,1,0,33.206,90.403
V,1.8,40,60,0,0,0,0,2,N,1,2,2,27.088,87.765
V,1.76,47,220,6,2,1,6,0,N,0,1,1,11.099,34.38
M,1.71,18,0,16,0,5,0,0,N,2,3,2,22.121,64.684
M,1.64,53,0,0,2,0,4,0,N,2,2,1,35.311,94.972
V,1.73,42,0,0,2,7,4,0,N,1,2,3,30.083,90.035
V,1.7,44,0,5,0,4,7,0,N,1,3,2,29.344,84.804
M,1.62,48,90,6,0,0,3,1,N,0,1,0,25.396,66.649
V,1.68,34,0,0,0,0,0,0,N,2,4,4,29.609,83.568
V,1.75,46,20,0,0,15,2,0,N,2,2,1,26.148,80.078
M,1.67,32,0,0,0,5,0,0,N,3,3,4,28.154,78.519
M,1.71,57,0,12,0,24,14,0,N,1,4,4,21.564,63.055
M,1.56,22,50,0,0,5,5,2,N,3,4,4,19.419,47.258
V,1.74,59,0,18,1,0,1,0,N,0,2,1,34.034,103.041
V,1.8,51,0,0,0,7,4,0,N,0,2,1,32.047,103.832
V,1.72,34,0,0,4,0,0,0,N,1,0,1,33.511,99.139
M,1.59,21,20,0,8,0,3,0,N,2,3,3,25.539,64.565
V,1.74,18,0,0,5,4,8,0,N,3,4,4,23.407,70.867
V,1.75,20,0,0,2,17,12,0,N,1,3,3,18.991,58.16
V,1.73,31,0,0,5,0,0,0,N,1,2,2,31.025,92.855
M,1.66,30,0,0,6,9,9,0,N,3,4,3,24.234,66.779
M,1.61,54,0,11,6,0,0,1,N,1,2,3,34.784,90.164
M,1.64,22,0,0,0,2,3,0,N,1,2,3,27.31,73.453
V,1.77,47,100,0,1,0,5,0,N,1,4,3,21.799,68.294
V,1.73,50,0,0,6,3,2,0,N,3,4,4,32.329,96.757
V,1.78,18,0,0,7,2,14,0,N,0,0,1,26.946,85.376
M,1.68,47,0,6,1,1,5,1,N,1,2,2,32.452,91.593
V,1.76,34,230,0,3,0,8,0,N,0,0,2,8.874,27.488
V,1.77,33,0,3,2,11,6,0,N,1,3,2,24.768,77.596
V,1.69,53,30,15,3,6,0,0,N,1,2,1,28.145,80.385
M,1.66,32,0,0,1,10,8,1,N,1,2,1,26.074,71.85
V,1.67,63,0,0,0,4,3,0,N,1,1,2,37.338,104.132
M,1.66,23,0,12,0,6,3,0,N,0,2,3,23.964,66.035
V,1.79,33,60,0,0,5,0,0,N,2,4,3,21.412,68.606
V,1.77,71,50,0,3,0,0,0,N,0,0,0,37.047,116.065
V,1.77,38,0,0,0,17,9,0,N,3,3,4,23.551,73.783
V,1.78,54,90,3,5,14,14,5,N,1,1,0,21.358,67.671
M,1.64,65,110,0,4,13,0,5,N,3,3,4,22.979,61.804
V,1.69,43,80,0,2,0,0,2,N,0,1,0,27.094,77.383
M,1.71,65,0,0,2,20,19,0,N,3,4,3,26.35,77.05
V,1.71,44,0,0,5,0,0,0,N,0,2,3,34.07,99.624
M,1.59,23,0,0,4,13,10,0,N,1,4,4,20.772,52.514
M,1.62,46,10,3,2,5,11,0,N,2,3,3,28.261,74.168
V,1.83,65,50,14,0,2,10,0,N,0,1,2,29.959,100.33
M,1.68,44,0,0,0,1,6,0,N,1,1,2,33.536,94.652
M,1.65,18,40,0,0,0,0,0,S,2,3,3,22.723,61.863
V,1.75,27,30,0,0,0,10,1,N,2,3,2,24.408,74.75
M,1.68,32,0,0,1,0,0,0,N,0,0,1,32.825,92.645
V,1.79,18,0,3,0,8,4,0,S,1,2,1,23.422,75.046
M,1.56,56,150,0,1,14,8,0,N,0,2,1,14.816,36.056
V,1.83,44,0,7,1,8,3,0,N,0,2,1,29.058,97.312
M,1.63,34,0,3,0,21,4,1,N,1,2,2,22.438,59.616
M,1.72,18,30,0,2,8,6,2,N,2,2,4,21.108,62.446
M,1.67,72,0,0,7,0,1,0,N,2,2,1,40.611,113.26
M,1.63,21,0,0,1,0,0,0,N,2,4,4,26.637,70.772
M,1.69,50,0,0,0,0,3,0,N,2,2,2,34.626,98.895
M,1.61,54,0,0,3,0,7,0,N,2,4,4,33.373,86.506
V,1.68,24,0,7,3,2,3,0,N,2,2,2,26.791,75.615
V,1.78,50,0,0,1,5,0,0,N,1,4,4,31.535,99.915
M,1.6,36,0,0,1,8,0,0,N,1,4,4,27.12,69.427
M,1.61,37,0,0,4,0,0,0,N,1,3,3,31.508,81.672
V,1.72,48,50,2,0,7,4,0,N,3,4,4,24.185,71.549
V,1.8,22,0,7,2,0,0,0,N,1,2,2,27.495,89.084
V,1.79,39,0,0,1,9,6,0,N,1,1,2,29.407,94.223
V,1.69,29,0,3,1,7,2,5,N,2,3,3,26.886,76.789
M,1.59,53,50,0,0,19,14,0,N,1,1,1,22.469,56.804
V,1.91,38,0,11,0,0,10,0,N,2,4,4,27.027,98.597
M,1.62,18,0,0,5,0,5,0,N,0,2,2,27.167,71.297
V,1.75,43,0,12,6,1,8,0,N,3,4,3,28.406,86.993
V,1.79,29,0,6,9,0,0,0,N,0,1,1,30.996,99.314
V,1.76,18,30,0,1,0,0,0,N,1,2,1,24.657,76.378
M,1.57,18,0,9,0,0,4,0,N,2,1,0,26.601,65.569
V,1.65,42,0,5,0,0,0,0,N,2,4,2,30.622,83.368
M,1.61,23,50,0,1,0,9,5,N,2,3,3,22.453,58.2
V,1.61,43,0,14,0,0,0,0,N,1,0,0,32.92,85.332
M,1.64,54,0,9,1,19,10,1,N,2,3,4,25.094,67.493
V,1.74,23,0,8,3,7,2,0,N,1,0,1,26.508,80.256
V,1.77,63,100,6,6,0,3,0,N,1,2,2,26.958,84.457
M,1.56,30,0,3,2,2,13,0,N,0,0,1,29.041,70.674
V,1.76,36,0,1,2,0,0,0,N,2,3,3,30.957,95.892
V,1.79,39,0,5,4,6,0,0,N,1,2,2,29.694,95.143
V,1.76,65,100,3,1,6,3,0,N,2,3,3,24.458,75.761
V,1.65,40,0,6,0,0,3,0,N,3,4,3,29.494,80.297
V,1.77,32,0,1,5,0,3,0,N,2,3,4,29.749,93.201
V,1.79,43,0,25,4,0,5,0,S,1,2,3,28.648,91.791
M,1.63,21,0,0,2,7,0,0,N,0,3,1,24.964,66.327
V,1.76,48,130,2,1,9,10,1,N,1,2,2,16.382,50.745
M,1.68,54,0,0,6,3,6,0,N,2,2,1,34.373,97.014
V,1.79,22,40,0,3,15,5,0,N,2,1,1,19.414,62.204
M,1.6,43,0,7,0,4,2,0,N,1,3,2,29.579,75.722
M,1.63,37,0,0,6,5,5,0,N,2,1,2,30.978,82.305
V,1.73,31,160,0,2,10,0,0,S,1,2,1,10.837,32.434
V,1.78,46,70,5,3,10,9,3,N,0,1,1,22.961,72.75
V,1.75,32,100,5,3,9,0,0,N,1,2,1,16.731,51.239
V,1.71,24,0,14,2,7,3,0,N,1,4,3,21.863,63.93
V,1.75,62,0,0,0,0,2,0,N,2,2,2,37.6,115.15
M,1.66,42,0,7,1,1,0,0,N,1,1,2,32.911,90.69
M,1.65,54,0,0,0,15,13,0,N,0,1,0,29.438,80.145
M,1.68,52,0,0,0,5,13,0,N,2,3,3,30.725,86.718
M,1.7,51,0,7,4,8,12,0,S,2,3,3,28.601,82.657
M,1.67,21,20,0,0,0,0,0,N,2,3,3,25.448,70.972
M,1.68,38,0,8,3,0,0,0,N,3,4,3,29.386,82.939
M,1.64,28,10,0,4,0,0,0,S,2,2,4,29.239,78.641
M,1.68,41,0,0,2,22,15,0,N,2,4,3,20.622,58.204
V,1.77,45,120,0,8,0,0,0,N,0,0,0,24.239,75.938
M,1.64,50,0,0,6,2,1,0,N,2,3,4,33.778,90.849
M,1.63,40,80,1,0,0,0,0,N,2,3,0,23.658,62.857
V,1.69,61,0,0,2,5,1,1,N,1,2,3,35.971,102.737
M,1.69,20,0,0,5,12,7,0,N,1,2,4,22.765,65.019
V,1.73,41,0,0,1,3,0,0,N,0,2,1,31.942,95.599
V,1.76,49,0,20,0,23,15,0,N,0,1,1,21.469,66.502
V,1.72,38,0,0,0,0,0,0,N,3,4,4,30.546,90.367
V,1.71,27,0,0,6,10,3,0,N,2,2,2,25.885,75.69
V,1.72,34,50,8,3,0,0,4,N,2,4,4,24.162,71.481
M,1.65,35,0,0,4,8,5,0,N,1,3,3,27.196,74.041
M,1.61,63,0,0,2,2,0,0,N,2,4,4,35.789,92.769
M,1.65,42,0,0,0,11,0,0,N,1,2,3,29.074,79.154
M,1.67,48,0,8,5,0,0,0,S,2,3,4,32.78,91.42
M,1.68,36,0,2,3,0,3,4,N,2,3,0,31.139,87.887
M,1.7,39,0,0,4,3,0,0,N,2,3,4,30.84,89.128
M,1.73,67,0,14,1,0,5,3,N,2,2,2,36.523,109.31
V,1.69,77,0,2,0,5,6,0,N,1,1,1,39.407,112.55
V,1.79,21,0,0,2,0,0,0,N,0,1,0,29.648,94.995
V,1.76,18,0,2,5,0,3,0,N,0,1,0,28.33,87.755
M,1.67,50,0,3,1,0,3,0,N,1,1,0,35.364,98.627
V,1.76,53,90,10,0,0,9,0,N,1,4,4,21.772,67.441
M,1.71,45,190,2,1,7,0,0,N,3,4,4,10.045,29.373
V,1.74,38,0,0,0,21,11,0,N,2,2,2,22.561,68.306
V,1.68,48,0,0,1,8,0,3,N,0,1,1,33.447,94.401
V,1.7,51,0,0,0,8,8,0,N,0,0,0,32.872,95
M,1.64,43,0,5,1,5,7,0,N,0,1,1,30.836,82.937
V,1.8,46,0,12,4,0,0,0,N,3,4,4,30.644,99.287
V,1.69,27,0,0,0,19,4,0,N,4,4,4,20.123,57.473
M,1.66,35,130,10,1,11,6,0,N,0,2,2,11.661,32.133
V,1.81,32,0,0,2,0,0,0,N,0,0,0,32.897,107.774
M,1.69,43,0,8,1,0,0,0,N,4,4,4,30.413,86.863
M,1.66,37,0,0,0,0,7,0,N,1,3,1,30.081,82.891
V,1.8,22,30,0,0,7,3,0,N,0,1,1,23.564,76.347
V,1.77,35,0,3,3,10,0,0,N,2,3,2,26.663,83.533
M,1.58,45,0,9,6,0,1,0,N,0,0,1,34.52,86.176
M,1.61,51,0,1,8,0,2,0,N,2,4,4,33.673,87.284
M,1.65,38,0,0,1,17,17,0,S,2,3,3,22.322,60.772
V,1.76,61,0,0,5,0,3,0,N,1,1,0,38.746,120.02
V,1.79,53,150,0,0,14,4,1,N,0,1,1,16.066,51.477
V,1.75,22,20,1,0,4,0,4,N,0,1,0,26.797,82.066
V,1.73,39,0,21,6,0,0,0,S,0,2,2,29.357,87.863
M,1.6,57,0,0,2,0,3,0,N,1,1,2,37.593,96.238
M,1.68,63,10,3,0,21,15,0,N,2,3,4,25.388,71.655
V,1.75,54,0,0,3,2,6,0,N,1,0,0,36.39,111.444
M,1.64,33,0,0,0,0,1,0,N,2,3,3,30.119,81.008
M,1.57,41,0,0,4,4,1,0,N,1,2,0,31.618,77.935
V,1.76,71,30,5,0,16,10,0,N,1,3,3,27.601,85.497
M,1.57,57,0,0,3,9,5,0,N,2,2,2,32.749,80.723
M,1.7,51,160,9,4,9,9,0,N,1,0,0,14.888,43.026
V,1.8,25,0,11,6,0,0,0,N,0,1,1,28.981,93.898
V,1.81,23,0,0,2,11,11,0,N,0,0,0,24.834,81.359
V,1.83,51,0,4,5,0,4,0,N,0,3,3,33.521,112.258
M,1.61,41,30,0,2,2,0,0,N,1,4,4,27.602,71.547
M,1.64,49,70,0,1,0,6,0,N,1,2,2,26.896,72.339
V,1.74,34,0,2,0,26,15,0,N,2,4,4,16.978,51.403
V,1.77,31,20,7,0,21,9,0,N,1,1,1,19.2,60.152
V,1.78,29,0,4,0,0,0,0,N,1,0,1,31.362,99.367
V,1.8,32,0,12,0,8,0,0,N,0,1,2,26.984,87.428
M,1.7,37,0,3,0,0,0,0,N,0,0,1,33.408,96.549
V,1.76,18,0,13,3,0,0,0,N,3,3,4,24.748,76.659
M,1.7,18,80,0,1,6,3,0,N,0,3,3,15.989,46.208
V,1.8,64,0,0,3,0,0,0,N,1,2,2,38.61,125.096
V,1.81,49,0,8,0,0,0,0,N,1,2,2,33.503,109.759
M,1.6,47,0,0,1,1,0,0,N,2,3,0,33.255,85.133
M,1.63,48,30,0,4,0,1,0,N,2,4,4,29.981,79.657
V,1.75,51,0,0,4,13,17,1,N,0,0,1,29.997,91.866
M,1.58,71,40,0,0,0,9,0,N,2,4,4,32.766,81.797
M,1.65,28,110,7,0,0,0,0,N,3,4,4,15.873,43.214
V,1.66,47,130,0,0,11,7,0,N,1,1,0,17.14,47.231
V,1.73,38,0,10,3,3,2,2,N,1,2,3,29.722,88.955
V,1.74,41,0,0,3,19,8,0,N,1,3,4,23.875,72.284
M,1.62,42,0,0,3,0,5,0,N,2,4,4,30.887,81.06
M,1.68,60,70,7,8,0,0,0,N,3,3,3,28.9,81.567
V,1.76,52,70,13,1,1,0,0,N,1,1,1,27.14,84.069
M,1.66,49,0,0,0,16,11,0,N,0,4,4,25.274,69.645
V,1.7,33,0,16,0,6,5,0,N,1,2,3,25.293,73.097
M,1.58,41,0,0,4,14,5,0,N,0,2,2,27.18,67.852
V,1.71,37,0,6,0,19,18,0,N,2,4,4,19.156,56.014
V,1.8,59,0,0,3,1,3,0,N,2,3,4,35.722,115.739
V,1.75,66,0,6,0,3,0,0,N,1,3,3,35.842,109.766
M,1.58,40,0,12,5,0,0,0,N,1,1,1,32.25,80.509
M,1.59,24,0,4,1,9,9,0,N,2,2,2,23.536,59.501
V,1.73,34,0,12,6,0,0,3,N,0,0,0,32.167,96.273
M,1.66,51,40,5,0,5,5,0,N,2,4,4,25.978,71.585
M,1.63,44,0,2,0,11,11,0,N,1,1,1,28.591,75.963
V,1.88,37,0,15,5,4,5,0,N,2,4,3,25.764,91.06
V,1.78,18,0,19,3,0,0,0,N,1,3,3,23.715,75.139
V,1.82,62,20,0,1,13,2,3,S,2,3,3,30.452,100.869
V,1.78,18,0,8,0,17,20,0,N,1,3,3,15.7,49.744
V,1.7,18,0,0,3,0,0,4,S,1,0,1,30.46,88.029
V,1.77,31,20,0,6,12,0,0,N,2,2,2,24.53,76.85
V,1.74,49,0,3,0,14,10,0,N,1,2,2,27.435,83.062
M,1.65,30,0,0,5,0,0,0,N,3,4,4,29.034,79.045
V,1.74,32,0,0,1,14,14,0,N,2,2,1,23.391,70.819
M,1.64,51,0,0,0,0,0,0,N,3,3,2,34.498,92.786
M,1.53,36,0,0,0,16,15,0,N,3,4,4,21.578,50.512
M,1.62,28,0,3,0,5,14,0,N,2,4,3,23.517,61.718
V,1.77,22,0,9,0,5,0,0,S,2,3,4,24.262,76.01
V,1.79,64,0,8,5,16,15,0,N,0,1,1,30.061,96.318
M,1.63,29,10,13,0,12,8,0,N,2,1,0,22.282,59.201
V,1.76,63,0,0,5,8,5,0,S,2,4,4,32.92,101.973
V,1.68,43,0,0,0,13,6,3,N,1,2,1,28.152,79.456
V,1.71,20,0,0,1,0,5,0,N,0,3,3,26.496,77.477
M,1.65,54,0,7,3,0,5,0,N,0,1,1,35.432,96.464
V,1.69,18,0,0,1,14,16,0,N,1,2,2,19.787,56.514
V,1.74,35,0,0,1,2,0,0,N,2,2,2,30.915,93.598
M,1.66,42,80,0,0,0,7,0,N,1,3,4,23.16,63.82
V,1.81,56,50,7,4,7,0,2,N,0,2,1,28.28,92.648
V,1.79,62,10,13,0,0,0,0,N,0,0,0,36.531,117.049
V,1.69,44,0,2,0,0,3,0,N,1,1,1,34.059,97.276
M,1.66,44,30,0,0,0,1,0,N,3,2,3,30.512,84.079
M,1.64,33,0,9,5,0,0,4,N,3,4,4,28.957,77.883
M,1.62,52,0,0,0,6,0,0,N,0,1,3,34.492,90.521
V,1.75,51,30,0,0,16,11,3,N,1,2,2,25.042,76.691
M,1.63,44,90,0,0,16,12,0,N,0,4,4,14.837,39.42
V,1.77,21,0,0,3,0,0,0,N,1,3,3,27.688,86.744
V,1.78,52,70,14,0,10,4,3,N,0,0,0,24.087,76.317
M,1.64,31,0,0,0,17,17,3,N,0,2,2,22.038,59.273
M,1.71,28,120,0,2,0,9,11,N,1,2,1,18.621,54.45
M,1.66,53,0,0,0,0,3,0,N,3,3,3,34.479,95.01
M,1.68,32,220,0,4,0,0,0,N,3,2,2,8.935,25.218
M,1.71,27,70,4,0,6,0,0,N,2,4,4,17.928,52.423
M,1.59,21,0,0,5,0,3,0,S,2,4,3,26.438,66.838
V,1.78,51,110,0,6,0,2,0,N,0,1,0,25.513,80.835
V,1.75,49,10,2,3,7,10,0,N,1,3,2,28.613,87.627
V,1.84,18,0,0,3,0,0,0,N,0,2,0,27.836,94.242
V,1.71,53,0,11,3,0,2,0,N,2,4,3,32.058,93.741
M,1.68,40,0,0,4,0,0,1,N,1,2,2,33.253,93.853
V,1.7,64,0,13,2,11,3,0,N,0,2,1,31.646,91.457
M,1.68,18,0,0,0,10,16,0,N,0,2,1,21.229,59.917
V,1.78,51,0,0,0,6,0,0,N,0,1,0,34.258,108.543
M,1.57,37,0,4,6,0,1,0,N,0,0,1,33.507,82.591
M,1.67,18,0,10,1,0,0,0,N,1,1,0,27.152,75.724
M,1.64,26,90,6,2,11,3,0,N,1,2,2,14.847,39.932
M,1.62,69,0,11,4,0,9,0,N,0,2,1,36.497,95.783
M,1.68,50,0,0,0,16,10,0,N,1,1,1,28.61,80.749
M,1.64,40,0,0,2,0,1,0,N,3,3,3,31.904,85.809
V,1.79,24,90,0,0,4,2,0,N,0,3,3,17.23,55.207
M,1.61,31,0,0,3,5,5,0,N,2,1,0,29.356,76.094
V,1.7,47,0,1,10,0,0,0,N,0,2,4,34.963,101.043
V,1.79,31,0,0,0,12,7,0,S,1,3,1,24.13,77.315
M,1.61,73,10,6,0,0,0,0,N,2,3,4,37.607,97.481
V,1.76,18,0,0,5,5,0,0,N,0,0,1,27.941,86.55
M,1.66,18,0,0,3,26,14,0,N,0,0,0,17.566,48.405
V,1.71,28,0,2,1,13,12,1,N,1,1,1,24.188,70.728
M,1.5,22,0,12,7,9,4,0,N,3,3,2,22.087,49.696
M,1.67,30,0,12,7,0,0,0,N,0,2,1,28.87,80.516
M,1.5,41,0,0,2,0,0,0,N,1,1,1,34.333,77.249
V,1.76,45,140,2,0,5,5,0,N,1,3,4,15.881,49.193
V,1.85,29,0,22,0,14,3,0,N,0,0,1,22.473,76.914
V,1.72,36,0,0,0,9,6,0,N,1,1,0,28.632,84.705
M,1.76,37,20,0,2,0,0,3,N,0,1,2,31.95,98.968
M,1.72,32,0,19,7,2,6,0,N,2,2,1,26.401,78.105
M,1.72,18,0,0,3,0,11,7,N,2,1,0,28.576,84.539
M,1.7,21,0,0,0,0,1,0,N,4,4,3,26.402,76.302
V,1.7,24,40,0,0,0,0,1,N,2,3,3,24.32,70.285
V,1.72,19,0,8,2,20,16,0,N,1,3,4,15.593,46.13
M,1.67,50,0,0,1,1,0,0,N,2,3,3,33.957,94.703
V,1.71,26,10,2,0,9,3,0,N,0,0,0,26.095,76.304
V,1.74,18,0,1,4,0,0,0,N,1,2,2,27.736,83.974
V,1.77,44,0,6,0,13,13,0,N,0,1,1,26.82,84.024
M,1.67,44,0,12,0,9,0,0,N,1,1,0,29.416,82.038
M,1.72,41,0,0,0,1,0,0,N,1,2,3,32.627,96.524
M,1.76,29,60,5,2,0,0,0,N,1,2,3,23.411,72.518
M,1.65,29,70,0,1,2,2,0,N,0,2,2,22.105,60.181
V,1.76,56,0,0,2,4,4,0,N,1,3,3,33.648,104.228
M,1.68,54,0,13,3,0,0,0,N,1,1,1,35.212,99.382
V,1.69,47,0,0,6,12,0,0,N,4,4,2,28.543,81.522
M,1.63,35,0,3,0,14,5,0,N,3,4,4,23.211,61.669
M,1.62,18,0,0,0,18,10,0,N,2,3,2,18.325,48.092
M,1.61,62,0,0,2,2,5,0,N,2,3,3,35.649,92.406
V,1.74,32,10,0,2,6,0,0,N,1,2,2,27.759,84.043
M,1.55,35,0,3,0,30,15,0,S,1,3,4,16.432,39.478
V,1.73,21,0,0,8,0,2,0,N,1,3,2,27.725,82.978
V,1.79,28,0,13,2,0,0,0,N,0,0,1,29.723,95.235
M,1.68,57,0,13,2,8,16,0,N,0,1,1,30.211,85.268
M,1.66,20,0,3,0,15,4,0,N,1,0,0,23.094,63.638
V,1.81,25,0,0,5,0,0,0,N,2,2,1,29.62,97.038
M,1.71,47,10,0,3,0,0,0,N,1,1,0,34.799,101.756
M,1.67,27,10,12,0,37,22,0,N,1,2,0,9.058,25.262
M,1.66,21,10,8,3,23,12,0,N,0,1,0,16.669,45.933
M,1.57,42,0,6,2,0,6,0,N,3,4,4,29.619,73.008
M,1.64,44,90,0,3,0,7,0,N,4,4,3,21.927,58.975
M,1.73,49,0,0,0,0,0,1,N,0,0,0,36.927,110.519
M,1.65,43,0,0,8,0,0,0,N,0,2,3,34.053,92.709
V,1.65,68,0,5,2,0,1,0,N,0,2,2,38.452,104.686
M,1.68,34,0,19,6,13,9,0,N,0,0,0,23.998,67.732
V,1.69,55,0,0,4,8,0,0,N,0,3,2,32.694,93.377
M,1.71,34,0,10,0,0,0,0,N,4,3,3,28.795,84.199
V,1.77,33,0,23,0,6,0,0,S,2,2,2,24.901,78.012
V,1.69,48,0,4,0,10,2,0,N,0,0,1,31.699,90.536
M,1.7,48,0,0,0,0,0,0,N,2,4,3,32.888,95.046
V,1.82,51,40,0,0,0,5,0,N,3,2,2,30.489,100.992
V,1.76,24,0,0,2,5,6,4,S,0,0,0,28.924,89.595
M,1.55,38,0,0,3,0,0,3,N,2,3,3,32.247,77.473
M,1.63,50,0,6,0,7,9,0,N,3,4,3,28.209,74.948
V,1.62,43,0,6,2,0,1,0,N,1,2,2,32.424,85.094
V,1.74,42,0,0,5,0,0,0,N,0,2,4,33.602,101.733
M,1.66,49,40,0,3,0,0,0,N,1,2,2,31.051,85.564
V,1.78,67,0,5,0,13,4,5,N,1,2,2,33.623,106.531
V,1.72,25,110,7,2,0,0,0,N,3,3,3,16.222,47.991
V,1.76,51,30,0,4,13,14,0,N,2,2,1,25.403,78.688
V,1.76,35,0,2,0,26,19,1,N,1,2,2,18.511,57.34
M,1.63,50,0,11,2,8,12,0,N,0,0,0,30.239,80.342
M,1.6,49,0,0,5,0,0,0,N,0,1,2,36.424,93.245
M,1.68,25,10,0,0,3,0,0,N,0,2,3,27.111,76.518
V,1.67,32,0,0,3,3,0,0,N,1,1,1,31.161,86.905
M,1.59,18,0,5,0,2,0,0,N,1,3,2,25.15,63.582
V,1.72,19,0,2,4,0,0,0,N,0,1,1,28.98,85.734
V,1.75,27,0,4,4,0,0,0,N,0,0,0,31.182,95.495
V,1.74,35,30,0,0,19,8,0,N,2,3,4,19.219,58.187
M,1.58,44,70,11,3,5,12,0,N,1,2,2,21.107,52.692
M,1.61,34,0,0,0,10,1,0,N,1,1,2,28.598,74.129
V,1.84,44,0,0,3,0,3,0,N,1,2,2,33.438,113.208
V,1.79,51,0,12,2,11,3,0,N,3,4,3,27.016,86.562
M,1.74,41,0,10,4,17,16,0,N,1,2,1,22.534,68.224
M,1.62,18,0,0,3,2,6,0,N,1,2,1,26.103,68.505
M,1.64,34,0,0,0,0,0,0,N,2,2,2,31.366,84.362
V,1.73,45,0,0,1,26,1,2,S,2,2,4,24.39,72.997
M,1.68,42,0,10,0,8,8,0,N,2,4,3,25.431,71.776
V,1.74,47,0,0,0,0,2,0,N,0,2,2,34.086,103.199
M,1.6,61,0,16,3,0,0,0,N,1,2,4,35.154,89.994
V,1.84,42,0,11,8,3,1,4,N,1,2,1,31.396,106.294
M,1.63,18,0,3,0,20,11,0,N,2,4,2,15.981,42.46
V,1.7,51,100,0,5,8,0,2,N,2,3,4,22.1,63.869
V,1.7,51,0,10,3,0,0,0,N,2,2,2,33.844,97.809
M,1.69,43,0,16,0,0,0,0,N,3,4,4,28.963,82.721
M,1.74,61,0,5,2,0,1,0,N,2,2,3,36.812,111.452
M,1.66,39,0,1,1,20,10,0,N,1,2,2,23.236,64.029
V,1.75,42,0,4,4,7,7,0,N,0,0,0,30.906,94.65
V,1.75,58,70,0,0,1,0,0,S,0,0,0,31.384,96.114
M,1.66,26,0,0,0,0,0,0,N,2,0,0,31.347,86.38
V,1.75,37,0,0,0,0,0,0,N,2,4,4,30.312,92.83
V,1.82,18,0,1,4,2,3,0,N,2,4,3,24.733,81.926
V,1.76,31,0,6,0,0,4,0,N,1,3,3,28.13,87.135
M,1.63,31,0,0,0,20,17,0,N,2,4,3,18.567,49.331
V,1.8,48,0,9,0,16,11,0,N,0,0,2,27.103,87.814
V,1.77,45,0,19,1,17,11,0,N,2,2,1,22.517,70.544
V,1.81,26,0,0,0,4,5,0,N,1,3,3,26.314,86.207
M,1.7,73,0,0,5,0,3,0,S,2,3,2,39.525,114.227
M,1.61,25,20,1,4,19,16,0,S,2,4,4,15.797,40.947
V,1.72,54,170,0,0,0,0,0,N,0,1,2,20.038,59.28
V,1.77,29,0,3,6,0,0,0,N,1,3,3,29.263,91.678
M,1.65,28,0,0,4,10,0,0,N,0,2,3,26.463,72.046
M,1.7,28,30,0,2,0,0,0,N,1,2,3,27.071,78.235
V,1.75,66,0,0,4,0,0,0,N,3,3,3,38.301,117.297
M,1.71,52,0,7,1,8,10,0,N,3,4,3,28.037,81.983
M,1.73,65,60,2,0,15,17,0,N,1,3,4,22.919,68.594
M,1.61,43,0,0,0,14,5,0,N,1,1,1,28.541,73.981
V,1.7,34,100,1,0,0,1,0,N,2,4,3,19.16,55.372
M,1.65,50,0,0,7,15,7,0,N,1,2,3,28.801,78.411
M,1.66,35,0,0,0,23,9,0,N,0,1,0,22.608,62.299
V,1.72,38,0,8,9,0,0,0,N,0,1,1,32.759,96.914
V,1.66,57,0,1,0,4,0,0,N,1,0,0,36.921,101.74
V,1.74,50,0,5,1,0,7,0,N,0,1,0,34.37,104.059
V,1.76,21,0,0,0,0,0,0,N,2,3,4,27.471,85.094
V,1.76,18,0,0,3,0,2,0,N,1,1,1,28.692,88.876
V,1.75,18,90,0,0,0,4,0,N,2,4,4,16.108,49.331
M,1.68,33,0,1,0,0,0,3,N,0,0,0,33.392,94.246
M,1.64,50,0,0,0,0,6,0,N,1,1,1,35.32,94.997
M,1.71,31,40,0,0,16,9,1,N,1,1,1,20.469,59.853
V,1.74,52,20,0,0,0,1,0,N,2,4,4,31.64,95.793
M,1.65,44,70,20,7,3,5,0,N,2,3,3,20.893,56.881
M,1.61,42,30,0,3,0,0,0,N,2,2,1,30.423,78.859
V,1.74,35,50,0,0,11,13,0,N,1,4,4,18.506,56.029
V,1.77,44,30,0,1,6,8,0,S,1,3,4,26.323,82.467
M,1.65,47,30,0,1,10,0,0,N,1,0,0,29.517,80.36
M,1.73,33,100,0,3,0,0,0,N,0,1,1,22.417,67.092
V,1.75,48,0,0,2,0,0,0,N,1,2,2,34.79,106.544
M,1.58,66,50,0,1,16,8,0,N,3,4,2,24.759,61.808
V,1.72,54,0,4,2,1,6,2,N,3,3,4,33.687,99.66
M,1.58,59,0,0,2,0,0,0,N,2,4,4,35.61,88.897
M,1.62,58,0,6,2,0,7,0,N,1,3,2,34.111,89.521
M,1.62,31,80,0,0,12,4,0,N,0,0,0,19.231,50.47
V,1.74,44,0,19,4,0,0,0,N,2,4,4,28.971,87.713
V,1.76,25,120,19,1,0,3,0,N,0,1,0,14.617,45.278
M,1.62,31,30,11,1,0,0,0,N,2,3,3,24.958,65.5
V,1.63,28,0,10,1,0,0,0,N,3,4,3,26.555,70.554
M,1.65,50,0,0,2,0,6,0,N,2,3,3,33.433,91.021
M,1.57,47,50,0,1,0,7,0,N,2,4,4,26.531,65.396
V,1.79,56,40,4,0,0,0,0,S,2,2,2,31.785,101.842
V,1.84,54,0,13,0,16,6,0,N,3,4,2,25.02,84.708
V,1.86,34,0,0,5,0,7,0,N,2,1,1,31.772,109.918
V,1.73,26,0,0,5,2,7,0,N,0,1,1,29.14,87.213
V,1.78,45,0,5,4,9,0,0,N,1,3,3,29.112,92.238
M,1.65,49,0,0,1,10,0,5,N,2,1,0,33.308,90.681
M,1.55,30,0,0,1,3,6,0,N,0,1,0,29.572,71.047
V,1.76,52,0,7,4,17,11,0,S,0,0,0,28.294,87.643
V,1.69,68,50,2,3,0,6,0,N,0,2,2,33.17,94.737
V,1.81,44,0,10,0,0,0,0,N,0,2,2,31.987,104.793
V,1.79,69,0,19,0,2,1,0,N,0,0,0,37.229,119.285
V,1.77,55,0,5,1,8,2,0,N,1,1,2,33.324,104.401
V,1.7,26,20,6,5,0,6,0,N,1,2,3,25.823,74.628
V,1.78,39,0,10,0,6,1,1,N,3,3,2,27.723,87.838
M,1.62,29,0,0,0,0,0,0,N,2,3,3,29.345,77.013
M,1.61,46,0,0,8,0,3,0,N,2,3,3,33.418,86.623
M,1.7,39,10,12,0,3,2,0,S,2,4,2,26.242,75.839
V,1.73,70,0,9,5,0,0,0,N,0,1,1,39.793,119.096
V,1.67,37,0,4,5,0,0,3,N,1,3,4,31.469,87.764
V,1.74,27,30,5,1,0,4,0,S,0,2,2,25.254,76.459
V,1.78,25,0,12,0,0,0,0,N,1,3,3,26.343,83.465
M,1.64,42,50,0,0,0,0,1,N,2,2,2,28.375,76.317
M,1.64,32,0,3,8,0,0,0,N,2,4,3,29.203,78.544
M,1.74,26,0,7,2,0,4,0,N,2,4,4,26.025,78.793
V,1.73,41,0,8,0,0,0,0,N,2,4,4,29.872,89.404
V,1.68,41,0,9,1,15,11,0,N,0,2,1,24.059,67.904
M,1.61,39,140,0,0,0,3,0,N,2,2,3,17.889,46.37
M,1.61,40,10,0,2,0,5,0,S,1,3,2,30.242,78.39
M,1.66,18,40,0,0,16,9,1,N,0,1,0,17.424,48.014
M,1.7,41,0,1,0,2,0,0,N,1,1,0,33.258,96.116
M,1.73,36,0,1,0,13,3,6,N,2,4,4,25.648,76.762
M,1.6,46,0,0,4,0,0,0,N,2,3,2,33.616,86.057
V,1.73,38,0,2,1,3,3,0,N,1,2,3,30.407,91.005
M,1.75,36,40,0,0,17,14,0,N,0,0,0,20.928,64.092
V,1.8,18,100,2,0,14,0,0,N,1,2,2,11.857,38.417
M,1.61,62,0,0,0,14,12,0,N,2,4,4,28.914,74.948
V,1.68,76,0,12,0,0,3,0,N,1,3,3,37.801,106.69
M,1.66,49,0,0,1,7,10,0,N,0,1,0,31.857,87.785
V,1.76,58,0,0,0,7,3,0,N,0,0,0,35.704,110.597
M,1.68,36,40,18,0,18,5,0,N,0,0,0,18.915,53.386
M,1.7,32,0,19,2,0,1,0,N,2,4,3,25.853,74.715
M,1.61,43,0,0,1,5,0,0,N,0,2,2,31.653,82.048
V,1.84,41,0,5,5,0,4,4,N,3,4,3,30.869,104.51
M,1.61,18,0,0,6,10,0,0,N,2,3,2,23.415,60.694
V,1.79,42,240,18,3,11,2,0,N,0,0,0,3.448,11.048
M,1.65,40,0,1,0,0,1,0,N,1,2,4,32.437,88.31
M,1.64,39,0,0,0,0,1,0,N,1,2,1,32.375,87.076
V,1.84,20,0,4,4,6,3,0,S,2,3,3,24.077,81.515
M,1.71,46,0,4,1,16,5,0,N,1,1,0,27.87,81.495
V,1.71,64,0,0,0,2,5,0,N,3,4,4,35.066,102.536
V,1.79,56,60,0,1,0,1,0,N,3,4,4,28.603,91.647
M,1.63,66,120,8,0,1,8,1,N,4,4,3,22.103,58.725
M,1.66,37,40,0,1,11,0,0,S,0,0,2,25.784,71.05
M,1.7,31,0,0,0,11,2,0,N,1,1,1,27.354,79.053
M,1.64,51,0,0,0,8,7,0,N,2,3,4,30.33,81.576
M,1.6,53,0,5,1,12,0,0,N,2,2,3,30.483,78.036
M,1.69,22,0,6,0,10,0,2,N,2,2,2,24.12,68.889
V,1.71,38,0,0,4,3,0,0,N,3,4,4,29.699,86.843
V,1.78,21,100,25,3,0,0,0,N,0,2,2,14.121,44.741
M,1.71,39,30,13,2,10,8,0,N,3,4,4,20.565,60.134
M,1.64,43,60,2,4,1,3,1,N,0,2,1,26.677,71.75
V,1.69,20,0,0,0,2,1,0,N,1,2,1,27.167,77.592
M,1.76,58,0,0,0,13,10,0,N,4,4,4,28.681,88.842
M,1.69,24,0,6,0,3,1,0,N,3,1,1,27.874,79.611
M,1.56,22,0,0,0,0,8,0,N,2,3,4,26.404,64.257
V,1.83,44,60,0,2,0,2,4,N,1,2,3,28.229,94.536
V,1.73,48,140,0,0,19,13,0,S,3,4,4,9.418,28.187
V,1.77,56,190,10,0,8,4,0,N,1,3,3,11.05,34.619
V,1.77,48,0,0,0,6,0,0,N,2,3,2,31.523,98.758
M,1.62,29,0,4,5,0,0,0,N,0,0,0,31.723,83.254
V,1.75,41,0,0,2,0,0,0,N,2,2,2,33.151,101.525
M,1.6,30,60,0,3,0,0,0,N,1,2,1,24.578,62.92
V,1.73,23,0,2,0,6,0,0,N,0,0,0,28.028,83.885
V,1.71,22,20,0,0,33,19,0,N,2,4,4,9.187,26.864
M,1.62,18,70,0,0,27,14,0,N,2,3,2,7.185,18.856
V,1.77,25,0,8,2,8,12,0,N,3,3,4,22.194,69.532
V,1.78,51,0,0,0,17,14,0,N,3,3,3,25.783,81.691
M,1.64,26,70,0,0,0,0,1,N,1,1,1,23.787,63.978
V,1.68,26,0,0,0,0,0,0,N,1,4,3,27.735,78.279
M,1.72,18,0,11,2,7,0,1,N,2,3,2,22.561,66.744
M,1.67,59,40,1,0,5,11,4,N,3,4,3,28.334,79.021
M,1.64,33,50,0,1,0,4,0,N,3,4,4,23.74,63.851
V,1.63,30,0,3,2,6,4,0,N,3,4,4,25.378,67.427
V,1.79,49,30,0,3,0,0,0,N,2,3,3,31.212,100.006
M,1.62,31,0,0,0,16,11,0,N,0,0,0,24.67,64.744
V,1.78,49,0,0,0,11,6,0,N,1,1,2,30.92,97.967
V,1.71,39,0,13,5,0,0,0,N,3,3,4,29.811,87.17
M,1.67,60,0,6,0,0,0,0,N,0,1,2,37.606,104.879
V,1.7,38,60,13,0,25,7,0,N,1,1,1,14.572,42.113
V,1.8,28,0,0,1,10,7,0,N,1,3,4,24.257,78.593
V,1.8,23,0,2,3,0,0,0,N,1,3,3,27.812,90.111
M,1.71,38,60,13,2,5,10,0,N,3,4,4,18.865,55.163
V,1.83,55,0,8,4,0,7,0,N,1,3,3,33.209,111.214
M,1.64,47,140,0,0,0,0,0,N,3,4,3,18.494,49.741
M,1.69,38,0,0,3,7,7,0,N,1,1,1,29.913,85.435
M,1.73,49,40,0,5,0,0,0,N,3,3,3,30.345,90.82
V,1.82,21,0,2,0,0,5,0,N,1,4,4,25.407,84.158
V,1.84,35,0,0,3,13,0,0,N,1,2,2,26.894,91.052
M,1.56,39,130,0,4,5,0,6,N,4,4,4,17.181,41.812
V,1.73,25,0,0,2,10,1,1,N,2,3,3,24.795,74.209
M,1.62,54,40,2,0,11,12,0,N,0,2,2,25.543,67.035
V,1.8,38,0,0,0,1,8,0,N,2,2,2,30.624,99.222
V,1.68,56,0,0,2,1,0,0,N,1,1,1,37.467,105.747
M,1.64,19,0,1,0,0,0,0,N,2,3,2,26.83,72.162
M,1.68,43,160,0,1,0,0,2,N,1,1,2,18.93,53.428
M,1.61,54,0,20,0,0,0,0,N,2,4,4,30.851,79.969
M,1.65,18,90,0,0,0,4,0,N,2,4,4,16.108,43.854
V,1.81,27,70,0,0,17,7,0,N,2,2,2,15.069,49.368
V,1.83,52,50,0,3,6,4,0,N,1,2,2,27.819,93.163
V,1.72,34,80,0,0,0,0,0,N,1,3,4,22.424,66.339
M,1.59,29,0,0,0,2,9,4,N,2,4,4,26.987,68.226
V,1.76,57,230,11,4,0,0,0,N,1,4,4,10.129,31.376
V,1.75,51,0,13,0,17,2,0,N,1,1,0,27.529,84.308
M,1.64,68,0,1,3,10,13,0,N,3,4,2,31.716,85.303
V,1.67,39,40,4,8,0,0,0,N,2,4,2,26.625,74.254
V,1.64,45,70,0,0,0,0,0,N,0,0,2,28.718,77.24
M,1.59,56,0,0,4,15,14,0,N,0,1,0,30.033,75.926
M,1.75,18,0,0,2,5,0,0,S,3,4,3,24.112,73.843
M,1.73,53,0,0,0,0,1,0,N,2,3,3,34.804,104.165
M,1.69,44,0,6,0,0,6,0,N,0,2,0,31.7,90.538
M,1.67,26,20,21,9,0,0,0,N,3,4,4,22.749,63.445
M,1.68,53,0,0,0,9,7,0,N,1,1,2,32.452,91.593
V,1.74,37,0,7,4,0,0,5,N,1,1,2,33.297,100.81
V,1.77,49,0,0,2,6,0,0,N,1,2,2,32.752,102.609
M,1.63,31,70,6,0,3,1,5,N,1,3,4,21.363,56.759
V,1.68,41,0,13,2,6,0,0,N,1,1,1,29.823,84.172
V,1.75,32,0,1,0,0,4,0,N,2,3,0,29.225,89.502
V,1.68,38,0,13,3,6,0,0,N,2,3,1,27.16,76.656
V,1.81,37,0,0,5,0,0,0,N,1,3,4,31.58,103.459
V,1.76,50,0,0,0,0,0,0,N,2,4,4,33.357,103.327
M,1.68,73,0,0,1,0,0,0,N,2,3,1,39.723,112.114
V,1.72,53,70,0,2,0,0,0,N,1,2,2,28.881,85.442
M,1.58,53,0,4,2,0,4,0,N,3,4,4,32.865,82.044
M,1.67,37,0,7,0,7,7,0,N,0,1,2,28.257,78.806
V,1.73,59,0,3,0,0,1,0,N,0,0,0,38.398,114.921
V,1.82,57,40,0,2,0,1,0,N,0,2,2,32.69,108.282
V,1.81,71,0,1,4,11,3,0,N,2,4,4,33.739,110.532
V,1.78,47,0,0,0,0,1,0,N,2,3,3,33.398,105.818
M,1.63,42,0,0,2,1,3,0,N,2,3,1,31.668,84.139
V,1.79,46,0,0,4,16,9,0,N,1,2,1,26.943,86.328
M,1.63,29,80,8,0,0,0,0,N,1,1,0,21.909,58.21
V,1.72,42,0,5,4,0,4,0,N,2,3,1,31.168,92.207
V,1.74,18,0,0,0,2,0,0,N,0,1,2,28.043,84.903
V,1.75,33,0,5,2,0,6,1,N,1,2,2,29.633,90.751
M,1.56,38,0,0,0,1,5,0,N,1,3,3,30.261,73.643
M,1.63,65,10,0,2,0,2,0,N,2,3,3,36.585,97.203
M,1.69,18,0,0,2,0,0,0,N,1,2,2,27.763,79.294
V,1.66,32,0,2,0,20,11,0,S,1,2,1,21.19,58.391
V,1.61,39,0,5,0,0,0,10,N,0,2,1,33.601,87.097
V,1.79,29,0,0,0,10,4,0,N,2,3,3,24.907,79.805
M,1.67,26,0,0,0,8,11,0,N,2,3,4,23.823,66.44
V,1.74,38,0,0,3,0,0,0,N,0,2,1,32.52,98.458
V,1.76,18,0,0,0,4,0,0,N,2,3,4,25.253,78.224
M,1.68,62,0,0,0,20,11,0,N,0,0,0,30.416,85.846
M,1.61,27,0,0,3,1,0,0,N,3,4,4,27.808,72.081
M,1.69,35,0,4,0,0,15,0,N,2,3,3,27.623,78.894
V,1.78,27,0,0,0,8,2,1,N,1,2,3,26.564,84.165
M,1.6,27,0,8,2,15,5,0,N,1,2,2,22,56.32
V,1.74,29,0,0,1,0,4,0,N,2,3,3,28.767,87.095
V,1.83,26,0,12,2,9,4,0,N,0,0,0,25.367,84.952
M,1.59,59,160,0,3,7,0,5,N,2,4,3,17.809,45.023
V,1.71,25,0,0,3,16,9,0,N,2,2,1,21.952,64.19
V,1.73,61,0,0,0,0,0,0,N,2,2,0,37.691,112.805
V,1.79,42,0,15,7,0,1,0,N,1,3,4,30.152,96.61
V,1.69,24,0,0,0,3,0,0,N,2,4,2,26.131,74.633
V,1.77,38,0,21,0,8,6,0,N,1,1,3,25.865,81.032
V,1.82,47,0,7,2,8,2,0,N,2,3,3,29.146,96.543
V,1.75,54,0,3,1,0,5,0,N,1,3,4,33.944,103.954
V,1.76,55,0,18,3,3,0,0,N,1,1,2,33.45,103.615
V,1.69,31,0,0,0,0,5,0,N,0,1,2,31.033,88.633
M,1.62,41,0,1,0,22,19,0,N,1,4,4,19.654,51.58
V,1.74,27,80,2,4,3,0,1,N,3,4,4,18.879,57.158
V,1.74,18,0,4,0,1,0,0,N,2,2,2,26.551,80.386
V,1.75,24,0,1,2,0,0,0,N,1,3,4,28.146,86.197
M,1.66,58,0,0,0,5,1,0,N,1,3,2,34.081,93.914
M,1.6,31,0,0,0,0,0,5,N,4,3,3,30.775,78.784
M,1.66,18,60,0,2,0,0,0,N,3,3,4,20.844,57.438
M,1.6,44,0,0,4,0,0,0,S,3,4,4,32.241,82.537
V,1.72,44,0,0,0,21,10,0,S,1,2,2,24.129,71.383
V,1.75,26,0,3,1,22,5,0,N,2,4,2,18.146,55.572
V,1.78,42,0,15,0,13,7,0,N,1,1,1,25.778,81.675
V,1.74,69,0,0,7,0,0,0,N,1,3,2,39.22,118.742
V,1.81,52,190,13,1,4,3,0,N,2,4,3,10.44,34.202
V,1.85,18,30,0,0,0,3,2,N,2,1,0,25.663,87.832
V,1.74,46,0,4,0,0,4,0,N,0,0,0,34.693,105.037
V,1.71,40,80,6,0,0,12,1,N,3,4,4,20.131,58.865
V,1.73,27,0,6,0,0,4,0,N,0,2,0,28.044,83.933
M,1.61,18,0,6,3,7,9,2,N,0,1,1,24.255,62.871
V,1.71,46,0,6,6,0,0,0,N,0,2,2,33.578,98.185
V,1.79,46,0,0,0,4,8,3,N,2,3,3,31.088,99.609
M,1.67,25,0,0,0,6,13,0,N,0,3,4,24.022,66.995
V,1.76,18,0,0,0,0,2,0,N,2,4,3,25.536,79.1
V,1.71,18,0,15,0,2,0,0,N,1,2,2,24.279,70.994
V,1.86,35,0,4,0,18,12,0,N,1,2,2,22.143,76.606
M,1.74,40,0,10,0,11,4,0,N,0,1,1,27.416,83.005
V,1.75,68,0,20,3,12,3,0,N,1,2,1,31.072,95.158
M,1.67,43,110,0,6,9,6,3,N,1,3,0,18.125,50.549
M,1.62,54,0,0,0,0,0,3,N,0,1,1,37.81,99.229
V,1.81,44,110,20,4,9,5,0,N,1,3,2,14.358,47.038
V,1.62,26,0,4,0,2,4,0,N,2,2,0,27.396,71.898
V,1.87,51,0,5,6,7,7,0,N,2,4,3,29.375,102.721
M,1.56,45,0,0,0,0,0,0,N,0,2,1,33.943,82.604
V,1.73,27,0,18,6,0,6,0,N,1,4,4,24.33,72.817
V,1.73,54,0,0,4,0,9,0,N,0,3,2,34.027,101.839
M,1.59,60,0,0,0,0,0,0,S,2,1,0,38.638,97.681
V,1.72,34,0,15,3,25,2,1,N,0,1,2,20.582,60.89
M,1.66,37,0,0,0,0,0,0,S,1,2,1,32.069,88.369
V,1.74,27,0,0,0,11,5,0,N,2,4,4,22.99,69.605
V,1.74,50,0,4,0,5,0,0,N,1,2,1,32.532,98.494
V,1.77,35,0,3,1,0,3,0,N,2,4,3,28.912,90.578
M,1.62,55,30,0,6,0,9,0,N,1,3,3,31.371,82.33
V,1.73,44,10,13,3,7,1,0,S,1,1,1,29.045,86.929
V,1.85,30,30,0,3,14,10,4,N,1,3,4,20.603,70.514
M,1.68,49,0,0,4,0,0,0,S,2,3,4,34.319,96.862
V,1.71,59,0,0,2,5,0,0,N,2,3,4,34.623,101.241
M,1.64,18,0,0,0,8,0,0,N,1,2,3,24.589,66.135
M,1.64,46,20,16,1,0,0,0,S,1,2,0,29.473,79.271
M,1.71,18,0,0,6,0,3,0,S,0,1,2,28.747,84.059
M,1.71,30,0,1,3,0,0,3,N,0,2,3,31.051,90.796
V,1.77,40,0,10,0,11,2,0,N,1,3,3,25.709,80.544
M,1.6,67,0,0,10,0,3,0,N,1,3,0,38.481,98.511
V,1.74,43,0,4,1,16,6,0,N,3,2,1,25.822,78.179
V,1.72,46,0,1,1,10,0,0,N,1,0,1,32.145,95.098
M,1.54,34,0,7,2,5,2,0,N,1,2,1,28.087,66.611
M,1.67,40,70,0,0,15,2,0,N,1,1,0,20.867,58.196
M,1.57,46,0,9,0,1,1,5,N,0,0,0,34.903,86.032
M,1.67,76,0,13,0,0,2,0,N,2,4,4,36.884,102.866
V,1.76,65,0,7,2,18,14,0,N,3,4,4,26.716,82.755
M,1.63,63,0,4,1,11,0,1,N,1,3,3,32.719,86.931
M,1.67,50,0,5,3,5,9,0,N,1,4,3,29.356,81.871
M,1.53,27,120,0,0,15,3,1,N,0,1,3,12.794,29.949
M,1.68,26,0,3,6,7,7,3,N,1,3,4,25.347,71.539
M,1.67,44,0,0,4,2,5,0,N,2,2,2,32.427,90.436
V,1.7,29,0,0,3,7,0,0,N,4,4,4,26.004,75.152
V,1.79,18,0,0,2,1,2,0,N,0,2,2,27.059,86.7
M,1.66,89,0,0,0,4,0,0,N,0,0,0,44.589,122.869
M,1.64,70,0,4,0,23,8,0,N,1,1,0,30.28,81.441
V,1.8,47,0,16,2,16,15,0,N,0,1,1,24.485,79.331
V,1.76,36,80,9,0,14,5,0,N,1,2,3,16.078,49.803
V,1.64,41,0,0,7,11,2,0,N,1,1,0,30.203,81.234
V,1.74,61,0,0,0,0,0,0,N,1,2,2,37.691,114.113
M,1.68,18,140,4,0,12,8,0,N,1,3,4,6.074,17.143
M,1.6,30,0,0,0,0,2,0,N,2,4,3,28.347,72.568
V,1.71,46,0,0,0,10,4,0,N,0,0,0,31.594,92.384
M,1.6,35,0,9,3,1,0,0,N,2,2,2,29.89,76.518
V,1.79,35,120,0,2,17,4,5,N,0,1,4,14.662,46.979
M,1.7,54,110,3,3,7,14,0,N,2,3,3,18.848,54.471
V,1.78,40,0,0,0,9,2,0,N,0,0,0,30.893,97.881
V,1.64,30,0,3,5,1,0,3,N,1,3,2,29.623,79.674
V,1.77,47,70,10,4,0,0,0,N,2,1,0,27.081,84.842
V,1.67,40,0,4,1,13,2,0,N,1,3,3,26.056,72.668
V,1.77,58,100,0,3,0,0,1,N,2,2,1,27.283,85.475
V,1.77,50,20,0,5,0,0,0,N,2,3,3,32.603,102.142
M,1.58,56,20,0,5,0,0,0,N,2,2,2,34.858,87.02
V,1.78,18,140,2,1,15,15,0,N,1,3,4,4.216,13.358
V,1.65,30,0,0,0,0,1,0,N,1,3,2,29.417,80.088
M,1.8,32,60,0,0,0,0,0,N,1,3,3,23.979,77.692
V,1.8,40,50,4,1,0,0,0,N,0,0,0,28.953,93.808
V,1.75,22,80,0,0,0,0,2,N,2,1,2,22.031,67.47
V,1.8,49,140,0,6,0,1,2,N,1,1,1,22.558,73.088
V,1.73,41,0,0,4,0,0,0,N,2,3,4,32.445,97.105
M,1.66,24,10,0,0,0,10,2,N,3,4,4,25.014,68.929
V,1.8,24,0,14,3,3,2,0,N,1,2,2,25.37,82.199
M,1.71,53,60,0,2,6,9,0,N,1,4,1,24.4,71.348
V,1.74,54,0,0,3,17,16,0,N,3,3,1,26.377,79.859
M,1.7,41,50,0,0,0,5,0,N,1,3,4,26.285,75.964
V,1.8,34,0,18,1,0,0,4,N,0,0,1,30.965,100.327
V,1.64,44,110,23,8,0,3,5,N,0,0,0,21.532,57.912
V,1.69,46,0,0,3,0,3,0,N,1,3,3,33.056,94.411
V,1.72,36,0,0,0,17,9,0,N,0,1,3,25.114,74.297
V,1.71,33,0,0,1,0,0,0,N,2,4,3,29.447,86.106
M,1.66,54,100,0,0,11,10,4,S,1,1,1,22.096,60.888
V,1.74,34,70,8,0,0,0,0,N,2,2,2,22.909,69.359
V,1.76,54,0,0,5,9,2,0,N,2,4,4,30.921,95.781
M,1.65,52,140,0,3,8,5,0,N,2,4,4,16.039,43.666
V,1.76,39,0,6,2,0,7,0,N,1,2,2,30.511,94.511
V,1.78,63,0,0,1,2,0,0,N,2,2,2,37.474,118.733
V,1.73,72,160,0,0,21,13,2,N,2,2,3,14.401,43.101
V,1.74,42,80,0,0,0,0,0,N,1,2,2,25.149,76.141
V,1.8,59,0,2,9,0,1,0,N,1,3,3,36.516,118.312
M,1.64,55,0,0,8,0,2,0,N,3,4,4,34.782,93.55
M,1.69,18,0,0,0,0,2,0,N,1,3,1,26.443,75.524
V,1.74,19,0,14,0,1,4,0,N,1,3,4,23.564,71.342
M,1.68,18,0,9,0,15,11,1,N,0,0,0,20.647,58.274
M,1.71,62,0,0,6,3,3,0,N,1,2,3,36.735,107.417
V,1.76,41,0,2,5,5,0,0,S,0,1,1,32.312,100.09
M,1.6,26,0,3,2,12,8,0,N,2,3,1,22.425,57.408
M,1.61,56,0,0,0,10,6,0,N,1,3,3,30.906,80.111
V,1.74,46,10,0,0,17,7,6,N,0,1,2,27.925,84.546
V,1.65,54,0,0,2,0,0,0,N,3,4,4,34.438,93.757
M,1.69,50,40,0,8,0,2,0,N,2,2,2,31.322,89.459
V,1.69,65,0,0,6,9,0,0,N,2,4,4,33.895,96.808
V,1.81,56,30,5,3,0,1,0,N,2,3,2,31.829,104.275
V,1.82,18,0,0,1,7,7,0,N,3,3,2,23.051,76.354
M,1.57,55,0,5,6,0,4,0,N,2,2,1,35.208,86.784
V,1.72,35,0,12,1,21,17,0,N,2,4,4,17.132,50.683
M,1.68,32,0,5,2,0,0,0,N,0,2,3,30.182,85.186
M,1.58,50,0,0,8,14,9,0,N,1,2,0,28.927,72.213
V,1.77,46,10,6,3,0,0,0,S,0,0,1,34.205,107.161
V,1.74,29,40,0,0,0,0,0,N,1,3,3,25.299,76.595
V,1.7,56,0,6,0,3,1,0,N,1,2,2,34.188,98.803
V,1.69,44,0,0,2,0,0,0,N,1,1,1,35.035,100.063
M,1.66,36,0,13,0,8,5,0,N,0,0,0,27.609,76.079
M,1.59,63,0,2,2,1,7,0,N,2,4,4,34.685,87.687
V,1.73,30,0,14,0,19,20,0,N,1,3,3,16.721,50.044
V,1.77,41,50,8,0,19,19,1,N,2,4,3,14.721,46.119
M,1.66,30,0,0,3,19,7,1,N,1,0,0,24.359,67.124
V,1.7,32,40,4,3,12,3,0,N,0,0,1,23.203,67.057
V,1.81,25,0,0,3,8,11,0,N,3,4,4,22.899,75.019
M,1.64,18,0,0,0,0,0,0,N,1,3,3,26.768,71.995
V,1.74,30,0,0,0,0,0,0,N,1,3,4,29.579,89.553
V,1.81,41,0,16,0,8,4,0,N,2,2,2,26.572,87.053
V,1.79,29,20,7,0,17,4,0,N,1,2,3,19.878,63.691
M,1.7,38,0,0,1,0,1,2,N,0,2,4,32.598,94.208
M,1.6,75,0,0,2,13,16,0,N,2,4,4,31.832,81.49
M,1.59,58,30,0,0,11,0,0,N,0,0,1,31.642,79.994
M,1.62,28,0,0,4,0,3,0,S,0,0,0,31.617,82.976
V,1.69,29,80,0,2,0,2,0,N,0,1,1,23.105,65.99
V,1.72,58,0,8,5,2,0,0,N,1,1,2,36.397,107.677
V,1.73,44,40,8,2,0,0,0,N,2,3,4,27.58,82.544
V,1.72,53,0,0,0,1,8,0,N,1,1,2,35.319,104.488
M,1.68,39,10,11,0,1,4,0,N,0,2,2,28.604,80.732
M,1.65,57,0,0,0,20,11,0,N,0,1,0,28.572,77.787
V,1.73,38,0,4,0,4,0,3,N,1,2,2,30.677,91.813
M,1.61,31,0,0,0,12,0,0,N,3,3,2,25.268,65.497
M,1.62,37,0,6,1,0,7,0,N,2,3,3,29.12,76.423
M,1.66,39,20,12,4,0,5,0,N,2,3,2,27.075,74.608
M,1.64,18,0,7,1,2,12,4,N,0,0,1,26.402,71.011
V,1.72,63,0,18,0,14,4,0,N,0,2,0,29.108,86.113
M,1.72,46,0,0,2,22,14,0,N,0,1,1,24.895,73.649
M,1.63,41,60,0,0,8,3,0,N,0,1,1,24.601,65.362
V,1.83,24,0,12,2,0,2,0,N,1,3,4,25.928,86.83
M,1.67,55,0,8,4,4,4,0,N,2,3,4,32.182,89.752
V,1.79,49,50,3,3,0,0,0,N,1,2,2,29.523,94.595
M,1.64,54,0,12,0,15,4,2,N,1,3,3,27.188,73.125
M,1.63,58,10,14,4,0,0,0,N,2,2,3,33.856,89.952
V,1.77,61,0,5,0,0,0,0,N,1,3,3,35.98,112.722
M,1.6,36,0,0,0,20,10,0,N,2,2,1,22.633,57.94
V,1.74,26,0,0,2,13,6,0,N,0,1,2,24.92,75.448
M,1.64,47,110,9,1,2,0,0,N,1,2,3,21.051,56.619
V,1.78,18,0,0,7,0,0,0,N,1,2,2,28.125,89.111
M,1.68,42,0,4,0,3,0,0,N,2,3,4,30.565,86.267
M,1.57,37,50,0,0,5,3,0,N,2,2,2,24.63,60.71
V,1.78,34,0,0,0,6,4,0,N,2,4,4,26.686,84.552
V,1.76,56,0,0,0,0,0,0,N,1,1,1,37.701,116.783
M,1.67,70,0,0,1,8,6,2,N,2,3,3,35.4,98.727
V,1.73,61,0,10,1,0,7,0,S,2,2,1,34.904,104.464
M,1.64,18,0,0,1,5,0,0,N,0,1,0,26.979,72.563
M,1.57,41,0,0,0,2,0,0,N,2,3,4,31.398,77.393
V,1.7,60,0,13,5,0,0,0,N,2,4,4,33.823,97.748
V,1.73,61,0,0,0,18,2,0,N,1,3,2,29.697,88.88
M,1.63,29,0,0,3,0,4,6,N,1,2,2,30.916,82.141
V,1.79,42,90,14,1,0,0,0,N,2,4,3,20.043,64.22
M,1.66,58,100,2,8,0,0,3,N,0,0,1,29.54,81.4
V,1.75,24,0,16,2,8,0,0,N,1,1,1,24.567,75.236
V,1.74,29,0,0,0,4,0,0,N,2,3,1,27.83,84.258
M,1.65,44,0,10,0,7,9,1,N,2,3,4,27.215,74.093
V,1.72,18,0,6,5,3,0,0,N,1,3,3,24.961,73.845
M,1.64,32,150,0,5,32,20,0,N,0,2,2,0.715,1.923
M,1.6,41,0,11,6,0,5,0,N,0,0,0,32.589,83.428
M,1.63,54,70,8,0,12,1,2,N,1,2,2,23.271,61.829
V,1.66,22,0,0,1,8,5,0,N,0,0,0,26.64,73.409
M,1.62,62,0,0,0,7,0,0,N,0,1,1,36.455,95.673
M,1.57,38,0,8,0,0,0,0,N,0,3,3,30.076,74.134
M,1.65,53,10,6,0,5,0,0,N,1,3,3,31.028,84.474
M,1.68,48,120,0,0,6,5,0,N,2,3,4,18.572,52.418
V,1.68,35,80,0,6,11,0,5,S,1,3,4,19.888,56.132
M,1.59,32,20,0,0,18,11,3,N,2,3,3,19.995,50.549
M,1.62,36,0,0,2,8,0,0,N,1,2,3,28.949,75.974
V,1.75,21,150,6,1,1,0,0,N,2,3,2,10.96,33.565
V,1.8,23,0,12,0,9,3,0,N,2,3,3,21.977,71.205
V,1.69,51,0,11,0,19,9,3,N,3,4,4,23.615,67.447
M,1.63,37,0,2,0,0,0,0,N,0,1,0,32.907,87.431
V,1.7,19,150,1,0,1,0,0,N,1,1,2,13.312,38.472
M,1.65,37,0,10,0,18,13,0,N,2,2,2,21.416,58.305
M,1.63,53,0,0,0,4,8,0,N,2,1,1,34.183,90.821
V,1.73,47,0,0,3,0,13,0,N,0,0,1,34.369,102.863
V,1.77,71,0,0,8,18,0,0,N,3,3,2,32.944,103.21
V,1.81,47,0,0,5,0,1,0,N,0,0,0,36.465,119.463
M,1.6,51,0,12,1,7,6,0,N,2,4,4,27.971,71.606
M,1.68,47,0,5,0,8,6,0,N,0,1,0,30.727,86.724
V,1.74,65,60,0,3,21,18,0,N,2,3,2,21.045,63.716
V,1.77,34,0,1,4,13,13,0,N,1,1,2,25.628,80.29
V,1.75,36,0,2,2,19,14,0,N,2,3,3,21.312,65.268
M,1.73,47,0,0,4,6,0,0,N,2,3,2,31.578,94.51
M,1.6,56,40,13,4,8,3,2,N,1,3,3,26.542,67.948
V,1.75,67,130,0,3,16,9,0,N,1,0,3,20.495,62.766
M,1.67,69,0,0,0,13,0,0,N,1,2,3,34.64,96.607
V,1.69,28,10,0,0,5,4,0,N,1,0,0,28.26,80.713
M,1.6,26,0,0,1,2,0,0,N,2,3,2,27.957,71.57
V,1.66,79,60,0,0,12,8,0,N,0,0,0,31.847,87.758
M,1.76,19,0,0,0,6,5,0,N,0,3,2,23.917,74.085
M,1.61,40,0,1,0,23,16,0,N,2,4,4,19.529,50.621
M,1.64,18,0,9,3,5,5,0,N,1,1,1,24.762,66.6
V,1.67,18,50,3,0,21,17,0,N,2,3,3,10.476,29.217
M,1.79,66,0,0,0,1,0,0,N,2,3,2,37.633,120.58
V,1.76,39,0,13,5,12,0,0,N,1,2,3,26.117,80.9
V,1.7,35,40,4,4,0,0,1,N,0,1,3,28.53,82.452
V,1.81,46,0,0,5,0,2,1,N,1,3,4,33.556,109.933
V,1.75,42,80,0,0,6,0,0,N,1,2,2,22.876,70.058
V,1.7,18,0,0,1,6,3,0,N,1,3,2,24.08,69.591
V,1.87,43,0,4,9,0,8,0,N,2,3,4,31.286,109.404
M,1.73,45,350,0,0,8,12,0,N,2,4,4,-8.196,-24.53
M,1.59,56,30,0,5,16,14,0,N,0,1,2,26.692,67.48
V,1.73,20,0,0,4,8,10,0,N,0,1,2,24.902,74.529
M,1.55,54,10,1,0,0,4,1,N,1,2,0,34.409,82.668
M,1.58,45,150,0,0,7,3,0,N,2,4,4,13.875,34.638
M,1.63,42,0,5,1,0,0,0,N,1,2,1,32.452,86.222
V,1.73,45,0,3,0,15,10,0,N,0,0,0,27.974,83.723
V,1.7,23,0,8,0,0,10,0,N,2,3,2,24.937,72.068
M,1.76,49,0,0,0,10,6,0,N,1,3,3,29.266,90.654
M,1.57,44,0,2,0,8,1,0,N,0,2,3,30.172,74.371
M,1.64,44,50,0,0,9,10,0,N,0,3,4,22.766,61.231
V,1.71,54,100,6,0,0,0,0,N,1,3,3,24.053,70.333
M,1.66,27,0,7,0,10,6,0,N,1,2,2,23.759,65.47
M,1.74,49,0,4,0,17,6,0,N,2,3,3,25.926,78.494
V,1.68,58,110,0,0,13,7,0,N,0,2,2,19.8,55.884
M,1.66,47,0,0,2,0,0,0,N,2,3,3,33.706,92.88
M,1.68,66,0,1,0,0,4,0,N,2,3,3,37.189,104.962
V,1.74,31,0,26,0,23,16,5,N,1,2,1,15.837,47.948
V,1.69,36,60,0,0,17,8,0,N,0,0,0,19.881,56.782
